<?xml version="1.0" encoding="UTF-8"?>
<LightningComponentBundle xmlns="http://soap.sforce.com/2006/04/metadata">
    <apiVersion>59.0</apiVersion>
    <isExposed>true</isExposed>
    <masterLabel>Automation Manager</masterLabel>
    <description>Manage activation state of Flows/Process Builders, Validation Rules, and Workflow Rules.</description>
    <targets>
        <target>lightning__AppPage</target>
        <target>lightning__HomePage</target>
        <target>lightning__RecordPage</target>
        <target>lightning__Tab</target>
    </targets>
</LightningComponentBundle>